-- Projects n.10
INSERT INTO projects (id, title, category, funding_goal, start_date, end_date) VALUES 
(1, "op_a", "Tech", 10, "June 2016", "march 2017"),
(2, "op_b", "Tech", 20, "april 2017", "april 2017"),
(3, "op_c", "Tech", 30, "may 2018", "may 2019"),
(4, "op_d", "Tech", 50, "June 2019", "July 2020"),
(5, "op_e", "Gardening", 40, "June 2016", "march 2017"),
(6, "op_f", "Gardening", 30, "april 2017", "april 2017"),
(7, "op_g", "Gardening", 20, "may 2018", "may 2019"),
(8, "op_h", "Astronomy", 10, "June 2016", "march 2017"),
(9, "op_i", "Astronomy", 20, "may 2018", "may 2019"),
(10, "op_j", "Cooking", 30, "may 2018", "may 2019");

-- Users n.20
INSERT INTO users (id, name, age) VALUES
(1, "Jon", 23),
(2, "Jill", 65),
(3, "Jack", 38),
(4, "Jerome", 39),
(5, "Jeremy",17),
(6, "Jason", 82),
(7, "Jackson", 21),
(8, "Jayce", 73),
(9, "Juliet", 28),
(10, "Jebediah",18),
(11, "Jasmine", 19),
(12, "Julio", 39),
(13, "Jeffrey", 20),
(14, "Jeb", 92),
(15, "Jonathan", 56),
(16, "Jane", 52),
(17, "Janette", 62),
(18, "Julian", 41),
(19, "Jillian", 39),
(20, "Jinx", 27);

-- Pledges n.30
INSERT INTO pledges (id, amount, user_id, project_id) VALUES
(1, 10.00, 1, 2), 
(2, 20.00, 1, 3), 
(3, 40.00, 1, 4), 
(4, 50.00, 2, 3), 
(5, 10.00, 3, 2), 
(6, 20.00, 4, 4), 
(7, 40.00, 5, 10), 
(8, 60.00, 6, 10), 
(9, 50.00, 7, 9), 
(10, 700.00, 8, 8), 
(11, 1000.00, 8, 7), 
(12, 40.00, 9, 6), 
(13, 50.00, 9, 3), 
(14, 50.00, 10, 4), 
(15, 24.00, 12, 1), 
(16, 34.00, 11, 1), 
(17, 12.00, 13, 6), 
(18, 19.00, 14, 5), 
(19, 20.00, 15, 5), 
(20, 40.00, 16, 6), 
(21, 35.50, 17, 7), 
(22, 40.00, 18, 8), 
(23, 60.00, 19, 9), 
(24, 70.00, 20, 10), 
(25, 100.00, 20, 4), 
(26, 40.00, 19, 1), 
(27, 20.00, 18, 6), 
(28, 90.00, 17, 9), 
(29, 230.00, 16, 6), 
(30, 450.00, 15, 5);
