INSERT INTO projects VALUES (1, "project 1", "startup", 1000000, "04-20-20", "09-05-20");
INSERT INTO projects VALUES (2, "project 2", "startup", 1000000, "04-20-20", "09-05-20");
INSERT INTO projects VALUES (3, "project 3", "sports", 1000000, "04-20-20", "09-05-20");
INSERT INTO projects VALUES (4, "project 4", "startup", 1000000, "04-20-20", "09-05-20");
INSERT INTO projects VALUES (5, "project 5", "startup", 1000000, "04-20-20", "09-05-20");
INSERT INTO projects VALUES (6, "project 6", "startup", 1000000, "04-20-20", "09-05-20");
INSERT INTO projects VALUES (7, "project 7", "startup", 1000000, "04-20-20", "09-05-20");
INSERT INTO projects VALUES (8, "project 8", "startup", 1000000, "04-20-20", "09-05-20");
INSERT INTO projects VALUES (9, "project 9", "startup", 1000000, "04-20-20", "09-05-20");
INSERT INTO projects VALUES (10, "project 10", "startup", 1000000, "04-20-20", "09-05-20");
INSERT INTO users VALUES (1, "Pam", 44);
INSERT INTO users VALUES (2, "Bob", 32);
INSERT INTO users VALUES (3, "Chelsea", 22);
INSERT INTO users VALUES (4, "Donna", 27);
INSERT INTO users VALUES (5, "Sarah", 31);
INSERT INTO users VALUES (6, "Oscar", 81);
INSERT INTO users VALUES (7, "Elizabeth", 42);
INSERT INTO users VALUES (8, "Tom", 37);
INSERT INTO users VALUES (9, "Herb", 65);
INSERT INTO users VALUES (10, "George", 22);
INSERT INTO users VALUES (11, "Quinn", 18);
INSERT INTO users VALUES (12, "Fitzgerald", 89);
INSERT INTO users VALUES (13, "Rebecca", 55);
INSERT INTO users VALUES (14, "Kurt", 39);
INSERT INTO users VALUES (15, "Malcolm", 19);
INSERT INTO users VALUES (16, "Adam", 25);
INSERT INTO users VALUES (17, "Nick", 20);
INSERT INTO users VALUES (18, "Jim", 45);
INSERT INTO users VALUES (19, "Louis", 63);
INSERT INTO users VALUES (20, "Iris", 77);
INSERT INTO pledges VALUES (1, 5000, 1, 1);
INSERT INTO pledges VALUES (2, 999, 3, 6);
INSERT INTO pledges VALUES (3, 6000, 20, 9);
INSERT INTO pledges VALUES (4, 455, 19, 5);
INSERT INTO pledges VALUES (5, 11110, 10, 10);
INSERT INTO pledges VALUES (6, 10000, 7, 3);
INSERT INTO pledges VALUES (7, 464567, 12, 4);
INSERT INTO pledges VALUES (8, 1234, 11, 2);
INSERT INTO pledges VALUES (9, 423, 7, 8);
INSERT INTO pledges VALUES (10, 7546, 8, 7);
INSERT INTO pledges VALUES (11, 756,  2, 1);
INSERT INTO pledges VALUES (12, 999, 4, 2);
INSERT INTO pledges VALUES (13, 783, 5, 9);
INSERT INTO pledges VALUES (14, 999, 6, 1);
INSERT INTO pledges VALUES (15, 999, 9, 3);
INSERT INTO pledges VALUES (16, 999, 10, 4);
INSERT INTO pledges VALUES (17, 999, 18, 5);
INSERT INTO pledges VALUES (18, 999, 11, 6);
INSERT INTO pledges VALUES (19, 999, 13, 9);
INSERT INTO pledges VALUES (20, 999, 7, 2);
INSERT INTO pledges VALUES (21, 999, 8, 1);
INSERT INTO pledges VALUES (22, 999, 6, 2);
INSERT INTO pledges VALUES (23, 999, 14, 6);
INSERT INTO pledges VALUES (24, 999, 18, 3);
INSERT INTO pledges VALUES (25, 999, 17, 10);
INSERT INTO pledges VALUES (26, 999, 8, 8);
INSERT INTO pledges VALUES (27, 999, 9, 4);
INSERT INTO pledges VALUES (28, 999, 15, 3);
INSERT INTO pledges VALUES (29, 999, 16, 7);
INSERT INTO pledges VALUES (30, 999, 13, 6);

-- CREATE TABLE pledges (id INTEGER PRIMARY KEY, amount INTEGER, user_id, project_id);